record_type|record_id|reporting_month|source_file|source_sheet|row_number|metric|monthly_amount|cumulative_amount|notes|source_url|source_name|retrieved_at
finance_metric|finance_january_0008|January|kafue_2024_cdf_expenditure.xlsx|January|8|CASH BOOK BALANCE AS AT 01/01/2024|22242861.39|23506000.39|Values are preserved as reported; currency and column meaning should be checked against the source sheet.|https://www.kafuecouncil.gov.zm/?page_id=195|kafue 2024 cdf expenditure|2026-09-11
finance_metric|finance_january_0016|January|kafue_2024_cdf_expenditure.xlsx|January|16|TOTAL RECEIPTS|23660802.57|23660802.57|Values are preserved as reported; currency and column meaning should be checked against the source sheet.|https://www.kafuecouncil.gov.zm/?page_id=195|kafue 2024 cdf expenditure|2026-09-11
finance_metric|finance_january_0026|January|kafue_2024_cdf_expenditure.xlsx|January|26|TOTAL EXPENDITURE|613670.63|613670.63|Values are preserved as reported; currency and column meaning should be checked against the source sheet.|https://www.kafuecouncil.gov.zm/?page_id=195|kafue 2024 cdf expenditure|2026-09-11
finance_metric|finance_january_0027|January|kafue_2024_cdf_expenditure.xlsx|January|27|CASH BALANCE/DEFICIT|23047131.94|23047131.94|Values are preserved as reported; currency and column meaning should be checked against the source sheet.|https://www.kafuecouncil.gov.zm/?page_id=195|kafue 2024 cdf expenditure|2026-09-11
finance_metric|finance_january_0045|January|kafue_2024_cdf_expenditure.xlsx|January|45|CASH BALANCE|0|0|Values are preserved as reported; currency and column meaning should be checked against the source sheet.|https://www.kafuecouncil.gov.zm/?page_id=195|kafue 2024 cdf expenditure|2026-09-11
finance_metric|finance_january_0066|January|kafue_2024_cdf_expenditure.xlsx|January|66|CASH BALANCE|4377411.025154999|4377411.025154999|Values are preserved as reported; currency and column meaning should be checked against the source sheet.|https://www.kafuecouncil.gov.zm/?page_id=195|kafue 2024 cdf expenditure|2026-09-11
finance_metric|finance_january_0085|January|kafue_2024_cdf_expenditure.xlsx|January|85|CASH BALANCE|19496782.03|19496782.03|Values are preserved as reported; currency and column meaning should be checked against the source sheet.|https://www.kafuecouncil.gov.zm/?page_id=195|kafue 2024 cdf expenditure|2026-09-11
finance_metric|finance_february_0008|February|kafue_2024_cdf_expenditure.xlsx|February|8|CASH BOOK BALANCE AS AT 01/02/2024|23506000.39||Values are preserved as reported; currency and column meaning should be checked against the source sheet.|https://www.kafuecouncil.gov.zm/?page_id=195|kafue 2024 cdf expenditure|2026-09-11
finance_metric|finance_february_0012|February|kafue_2024_cdf_expenditure.xlsx|February|12|TOTAL RECEIPTS|118134.78|23778937.35|Values are preserved as reported; currency and column meaning should be checked against the source sheet.|https://www.kafuecouncil.gov.zm/?page_id=195|kafue 2024 cdf expenditure|2026-09-11
finance_metric|finance_february_0023|February|kafue_2024_cdf_expenditure.xlsx|February|23|TOTAL EXPENDITURE|2559552.53||Values are preserved as reported; currency and column meaning should be checked against the source sheet.|https://www.kafuecouncil.gov.zm/?page_id=195|kafue 2024 cdf expenditure|2026-09-11
finance_metric|finance_february_0024|February|kafue_2024_cdf_expenditure.xlsx|February|24|CASH BALANCE/DEFICIT|-2441417.75||Values are preserved as reported; currency and column meaning should be checked against the source sheet.|https://www.kafuecouncil.gov.zm/?page_id=195|kafue 2024 cdf expenditure|2026-09-11
finance_metric|finance_february_0042|February|kafue_2024_cdf_expenditure.xlsx|February|42|CASH BALANCE|0|0|Values are preserved as reported; currency and column meaning should be checked against the source sheet.|https://www.kafuecouncil.gov.zm/?page_id=195|kafue 2024 cdf expenditure|2026-09-11
finance_metric|finance_february_0063|February|kafue_2024_cdf_expenditure.xlsx|February|63|CASH BALANCE|3525561.2199999997|3525561.2199999997|Values are preserved as reported; currency and column meaning should be checked against the source sheet.|https://www.kafuecouncil.gov.zm/?page_id=195|kafue 2024 cdf expenditure|2026-09-11
finance_metric|finance_february_0081|February|kafue_2024_cdf_expenditure.xlsx|February|81|CASH BALANCE|18956491.184|18956491.184|Values are preserved as reported; currency and column meaning should be checked against the source sheet.|https://www.kafuecouncil.gov.zm/?page_id=195|kafue 2024 cdf expenditure|2026-09-11
finance_metric|finance_march_0008|March|kafue_2024_cdf_expenditure.xlsx|March|8|CASH BOOK BALANCE AS AT 01/03/2024|23506000.39||Values are preserved as reported; currency and column meaning should be checked against the source sheet.|https://www.kafuecouncil.gov.zm/?page_id=195|kafue 2024 cdf expenditure|2026-09-11
finance_metric|finance_march_0014|March|kafue_2024_cdf_expenditure.xlsx|March|14|TOTAL RECEIPTS|118039.4|23896976.750000004|Values are preserved as reported; currency and column meaning should be checked against the source sheet.|https://www.kafuecouncil.gov.zm/?page_id=195|kafue 2024 cdf expenditure|2026-09-11
finance_metric|finance_march_0026|March|kafue_2024_cdf_expenditure.xlsx|March|26|TOTAL EXPENDITURE|4446115.09|7619338.25|Values are preserved as reported; currency and column meaning should be checked against the source sheet.|https://www.kafuecouncil.gov.zm/?page_id=195|kafue 2024 cdf expenditure|2026-09-11
finance_metric|finance_march_0027|March|kafue_2024_cdf_expenditure.xlsx|March|27|CASH BALANCE/DEFICIT|-4328075.6899999995||Values are preserved as reported; currency and column meaning should be checked against the source sheet.|https://www.kafuecouncil.gov.zm/?page_id=195|kafue 2024 cdf expenditure|2026-09-11
finance_metric|finance_march_0045|March|kafue_2024_cdf_expenditure.xlsx|March|45|CASH BALANCE|0|0|Values are preserved as reported; currency and column meaning should be checked against the source sheet.|https://www.kafuecouncil.gov.zm/?page_id=195|kafue 2024 cdf expenditure|2026-09-11
finance_metric|finance_march_0066|March|kafue_2024_cdf_expenditure.xlsx|March|66|CASH BALANCE|2730442.1399999997|2730442.1399999997|Values are preserved as reported; currency and column meaning should be checked against the source sheet.|https://www.kafuecouncil.gov.zm/?page_id=195|kafue 2024 cdf expenditure|2026-09-11
finance_metric|finance_march_0084|March|kafue_2024_cdf_expenditure.xlsx|March|84|CASH BALANCE|18058244.034|18058244.034|Values are preserved as reported; currency and column meaning should be checked against the source sheet.|https://www.kafuecouncil.gov.zm/?page_id=195|kafue 2024 cdf expenditure|2026-09-11
finance_metric|finance_april_0008|April|kafue_2024_cdf_expenditure.xlsx|April|8|CASH BOOK BALANCE AS AT 01/04/2024|23506000.39||Values are preserved as reported; currency and column meaning should be checked against the source sheet.|https://www.kafuecouncil.gov.zm/?page_id=195|kafue 2024 cdf expenditure|2026-09-11
finance_metric|finance_april_0012|April|kafue_2024_cdf_expenditure.xlsx|April|12|TOTAL RECEIPTS|70790.44|23967767.19|Values are preserved as reported; currency and column meaning should be checked against the source sheet.|https://www.kafuecouncil.gov.zm/?page_id=195|kafue 2024 cdf expenditure|2026-09-11
finance_metric|finance_april_0024|April|kafue_2024_cdf_expenditure.xlsx|April|24|TOTAL EXPENDITURE|2197838.6300000004|9817176.879999999|Values are preserved as reported; currency and column meaning should be checked against the source sheet.|https://www.kafuecouncil.gov.zm/?page_id=195|kafue 2024 cdf expenditure|2026-09-11
finance_metric|finance_april_0025|April|kafue_2024_cdf_expenditure.xlsx|April|25|CASH BALANCE/DEFICIT|-2127048.1900000004||Values are preserved as reported; currency and column meaning should be checked against the source sheet.|https://www.kafuecouncil.gov.zm/?page_id=195|kafue 2024 cdf expenditure|2026-09-11
finance_metric|finance_april_0043|April|kafue_2024_cdf_expenditure.xlsx|April|43|CASH BALANCE|0|0|Values are preserved as reported; currency and column meaning should be checked against the source sheet.|https://www.kafuecouncil.gov.zm/?page_id=195|kafue 2024 cdf expenditure|2026-09-11
finance_metric|finance_april_0064|April|kafue_2024_cdf_expenditure.xlsx|April|64|CASH BALANCE|2079353.64|2079353.64|Values are preserved as reported; currency and column meaning should be checked against the source sheet.|https://www.kafuecouncil.gov.zm/?page_id=195|kafue 2024 cdf expenditure|2026-09-11
finance_metric|finance_april_0082|April|kafue_2024_cdf_expenditure.xlsx|April|82|CASH BALANCE|17524715.204|17524715.204|Values are preserved as reported; currency and column meaning should be checked against the source sheet.|https://www.kafuecouncil.gov.zm/?page_id=195|kafue 2024 cdf expenditure|2026-09-11
finance_metric|finance_may_2024_0008|May 2024|kafue_2024_cdf_expenditure.xlsx|May 2024|8|CASH BOOK BALANCE AS AT 01/05/2024|23506000.39||Values are preserved as reported; currency and column meaning should be checked against the source sheet.|https://www.kafuecouncil.gov.zm/?page_id=195|kafue 2024 cdf expenditure|2026-09-11
finance_metric|finance_may_2024_0013|May 2024|kafue_2024_cdf_expenditure.xlsx|May 2024|13|TOTAL RECEIPTS|79593.85|24047361.04|Values are preserved as reported; currency and column meaning should be checked against the source sheet.|https://www.kafuecouncil.gov.zm/?page_id=195|kafue 2024 cdf expenditure|2026-09-11
finance_metric|finance_may_2024_0024|May 2024|kafue_2024_cdf_expenditure.xlsx|May 2024|24|TOTAL EXPENDITURE|8207989.47|18025166.35|Values are preserved as reported; currency and column meaning should be checked against the source sheet.|https://www.kafuecouncil.gov.zm/?page_id=195|kafue 2024 cdf expenditure|2026-09-11
finance_metric|finance_may_2024_0025|May 2024|kafue_2024_cdf_expenditure.xlsx|May 2024|25|CASH BALANCE/DEFICIT|-8128395.62||Values are preserved as reported; currency and column meaning should be checked against the source sheet.|https://www.kafuecouncil.gov.zm/?page_id=195|kafue 2024 cdf expenditure|2026-09-11
finance_metric|finance_may_2024_0043|May 2024|kafue_2024_cdf_expenditure.xlsx|May 2024|43|CASH BALANCE|0|0|Values are preserved as reported; currency and column meaning should be checked against the source sheet.|https://www.kafuecouncil.gov.zm/?page_id=195|kafue 2024 cdf expenditure|2026-09-11
finance_metric|finance_may_2024_0064|May 2024|kafue_2024_cdf_expenditure.xlsx|May 2024|64|CASH BALANCE|2079353.64|2079353.64|Values are preserved as reported; currency and column meaning should be checked against the source sheet.|https://www.kafuecouncil.gov.zm/?page_id=195|kafue 2024 cdf expenditure|2026-09-11
finance_metric|finance_may_2024_0082|May 2024|kafue_2024_cdf_expenditure.xlsx|May 2024|82|CASH BALANCE|11038310.734|11038310.734|Values are preserved as reported; currency and column meaning should be checked against the source sheet.|https://www.kafuecouncil.gov.zm/?page_id=195|kafue 2024 cdf expenditure|2026-09-11
finance_metric|finance_june_2024_0008|June 2024|kafue_2024_cdf_expenditure.xlsx|June 2024|8|BANK STATEMENT BALANCE AS AT 01/01/2024|23506000.39||Values are preserved as reported; currency and column meaning should be checked against the source sheet.|https://www.kafuecouncil.gov.zm/?page_id=195|kafue 2024 cdf expenditure|2026-09-11
finance_metric|finance_june_2024_0012|June 2024|kafue_2024_cdf_expenditure.xlsx|June 2024|12|TOTAL RECEIPTS|83599.78|24130960.82|Values are preserved as reported; currency and column meaning should be checked against the source sheet.|https://www.kafuecouncil.gov.zm/?page_id=195|kafue 2024 cdf expenditure|2026-09-11
finance_metric|finance_june_2024_0023|June 2024|kafue_2024_cdf_expenditure.xlsx|June 2024|23|TOTAL EXPENDITURE|4294685.15|22189783.270000003|Values are preserved as reported; currency and column meaning should be checked against the source sheet.|https://www.kafuecouncil.gov.zm/?page_id=195|kafue 2024 cdf expenditure|2026-09-11
finance_metric|finance_june_2024_0024|June 2024|kafue_2024_cdf_expenditure.xlsx|June 2024|24|CASH BALANCE/DEFICIT|-4211085.37|1941177.549999997|Values are preserved as reported; currency and column meaning should be checked against the source sheet.|https://www.kafuecouncil.gov.zm/?page_id=195|kafue 2024 cdf expenditure|2026-09-11
finance_metric|finance_june_2024_0042|June 2024|kafue_2024_cdf_expenditure.xlsx|June 2024|42|CASH BALANCE|0|0|Values are preserved as reported; currency and column meaning should be checked against the source sheet.|https://www.kafuecouncil.gov.zm/?page_id=195|kafue 2024 cdf expenditure|2026-09-11
finance_metric|finance_june_2024_0063|June 2024|kafue_2024_cdf_expenditure.xlsx|June 2024|63|CASH BALANCE|2079353.64|2079353.64|Values are preserved as reported; currency and column meaning should be checked against the source sheet.|https://www.kafuecouncil.gov.zm/?page_id=195|kafue 2024 cdf expenditure|2026-09-11
finance_metric|finance_june_2024_0081|June 2024|kafue_2024_cdf_expenditure.xlsx|June 2024|81|CASH BALANCE|4628568.54|4628568.54|Values are preserved as reported; currency and column meaning should be checked against the source sheet.|https://www.kafuecouncil.gov.zm/?page_id=195|kafue 2024 cdf expenditure|2026-09-11
finance_metric|finance_july_2024_0008|July 2024|kafue_2024_cdf_expenditure.xlsx|July 2024|8|BANK STATEMENT BALANCE AS AT 01/01/2024|23506000.39||Values are preserved as reported; currency and column meaning should be checked against the source sheet.|https://www.kafuecouncil.gov.zm/?page_id=195|kafue 2024 cdf expenditure|2026-09-11
finance_metric|finance_july_2024_0012|July 2024|kafue_2024_cdf_expenditure.xlsx|July 2024|12|TOTAL RECEIPTS|57199.28999999999|24188160.11|Values are preserved as reported; currency and column meaning should be checked against the source sheet.|https://www.kafuecouncil.gov.zm/?page_id=195|kafue 2024 cdf expenditure|2026-09-11
finance_metric|finance_july_2024_0023|July 2024|kafue_2024_cdf_expenditure.xlsx|July 2024|23|TOTAL EXPENDITURE|1313436.51|23503219.78|Values are preserved as reported; currency and column meaning should be checked against the source sheet.|https://www.kafuecouncil.gov.zm/?page_id=195|kafue 2024 cdf expenditure|2026-09-11
finance_metric|finance_july_2024_0024|July 2024|kafue_2024_cdf_expenditure.xlsx|July 2024|24|CASH BALANCE/DEFICIT|-1256237.22|684940.3299999982|Values are preserved as reported; currency and column meaning should be checked against the source sheet.|https://www.kafuecouncil.gov.zm/?page_id=195|kafue 2024 cdf expenditure|2026-09-11
finance_metric|finance_july_2024_0042|July 2024|kafue_2024_cdf_expenditure.xlsx|July 2024|42|CASH BALANCE|0|0|Values are preserved as reported; currency and column meaning should be checked against the source sheet.|https://www.kafuecouncil.gov.zm/?page_id=195|kafue 2024 cdf expenditure|2026-09-11
finance_metric|finance_july_2024_0063|July 2024|kafue_2024_cdf_expenditure.xlsx|July 2024|63|CASH BALANCE|2079353.64|2079353.64|Values are preserved as reported; currency and column meaning should be checked against the source sheet.|https://www.kafuecouncil.gov.zm/?page_id=195|kafue 2024 cdf expenditure|2026-09-11
finance_metric|finance_july_2024_0081|July 2024|kafue_2024_cdf_expenditure.xlsx|July 2024|81|CASH BALANCE|4482877.9399999995|4482877.9399999995|Values are preserved as reported; currency and column meaning should be checked against the source sheet.|https://www.kafuecouncil.gov.zm/?page_id=195|kafue 2024 cdf expenditure|2026-09-11
finance_metric|finance_august_2024_0008|August 2024|kafue_2024_cdf_expenditure.xlsx|August 2024|8|BANK STATEMENT BALANCE AS AT 01/01/2024|0|23506000.39|Values are preserved as reported; currency and column meaning should be checked against the source sheet.|https://www.kafuecouncil.gov.zm/?page_id=195|kafue 2024 cdf expenditure|2026-09-11
finance_metric|finance_august_2024_0012|August 2024|kafue_2024_cdf_expenditure.xlsx|August 2024|12|TOTAL RECEIPTS|117599.01000000001|24305759.12|Values are preserved as reported; currency and column meaning should be checked against the source sheet.|https://www.kafuecouncil.gov.zm/?page_id=195|kafue 2024 cdf expenditure|2026-09-11
finance_metric|finance_august_2024_0023|August 2024|kafue_2024_cdf_expenditure.xlsx|August 2024|23|TOTAL EXPENDITURE|456944.19|23972063.970000003|Values are preserved as reported; currency and column meaning should be checked against the source sheet.|https://www.kafuecouncil.gov.zm/?page_id=195|kafue 2024 cdf expenditure|2026-09-11
finance_metric|finance_august_2024_0024|August 2024|kafue_2024_cdf_expenditure.xlsx|August 2024|24|CASH BALANCE/DEFICIT|-339345.18|333695.1499999985|Values are preserved as reported; currency and column meaning should be checked against the source sheet.|https://www.kafuecouncil.gov.zm/?page_id=195|kafue 2024 cdf expenditure|2026-09-11
finance_metric|finance_august_2024_0042|August 2024|kafue_2024_cdf_expenditure.xlsx|August 2024|42|CASH BALANCE|0|0|Values are preserved as reported; currency and column meaning should be checked against the source sheet.|https://www.kafuecouncil.gov.zm/?page_id=195|kafue 2024 cdf expenditure|2026-09-11
finance_metric|finance_august_2024_0063|August 2024|kafue_2024_cdf_expenditure.xlsx|August 2024|63|CASH BALANCE|2079353.64|2079353.64|Values are preserved as reported; currency and column meaning should be checked against the source sheet.|https://www.kafuecouncil.gov.zm/?page_id=195|kafue 2024 cdf expenditure|2026-09-11
finance_metric|finance_august_2024_0079|August 2024|kafue_2024_cdf_expenditure.xlsx|August 2024|79|CASH BALANCE|19771668.3|19771668.3|Values are preserved as reported; currency and column meaning should be checked against the source sheet.|https://www.kafuecouncil.gov.zm/?page_id=195|kafue 2024 cdf expenditure|2026-09-11
finance_metric|finance_august_2024_0095|August 2024|kafue_2024_cdf_expenditure.xlsx|August 2024|95|CASH BALANCE|4482877.9399999995|4482877.9399999995|Values are preserved as reported; currency and column meaning should be checked against the source sheet.|https://www.kafuecouncil.gov.zm/?page_id=195|kafue 2024 cdf expenditure|2026-09-11
finance_metric|finance_september_2024_0008|SEPTEMBER 2024|kafue_2024_cdf_expenditure.xlsx|SEPTEMBER 2024|8|BANK STATEMENT BALANCE AS AT 01/01/2024|10000000|33506000.39|Values are preserved as reported; currency and column meaning should be checked against the source sheet.|https://www.kafuecouncil.gov.zm/?page_id=195|kafue 2024 cdf expenditure|2026-09-11
finance_metric|finance_september_2024_0012|SEPTEMBER 2024|kafue_2024_cdf_expenditure.xlsx|SEPTEMBER 2024|12|TOTAL RECEIPTS|10152951.04|34458710.160000004|Values are preserved as reported; currency and column meaning should be checked against the source sheet.|https://www.kafuecouncil.gov.zm/?page_id=195|kafue 2024 cdf expenditure|2026-09-11
finance_metric|finance_september_2024_0023|SEPTEMBER 2024|kafue_2024_cdf_expenditure.xlsx|SEPTEMBER 2024|23|TOTAL EXPENDITURE|4033539.55|28005603.520000003|Values are preserved as reported; currency and column meaning should be checked against the source sheet.|https://www.kafuecouncil.gov.zm/?page_id=195|kafue 2024 cdf expenditure|2026-09-11
finance_metric|finance_september_2024_0024|SEPTEMBER 2024|kafue_2024_cdf_expenditure.xlsx|SEPTEMBER 2024|24|CASH BALANCE/DEFICIT|6119411.489999999|6453106.640000001|Values are preserved as reported; currency and column meaning should be checked against the source sheet.|https://www.kafuecouncil.gov.zm/?page_id=195|kafue 2024 cdf expenditure|2026-09-11
finance_metric|finance_september_2024_0042|SEPTEMBER 2024|kafue_2024_cdf_expenditure.xlsx|SEPTEMBER 2024|42|CASH BALANCE|0|0|Values are preserved as reported; currency and column meaning should be checked against the source sheet.|https://www.kafuecouncil.gov.zm/?page_id=195|kafue 2024 cdf expenditure|2026-09-11
finance_metric|finance_september_2024_0063|SEPTEMBER 2024|kafue_2024_cdf_expenditure.xlsx|SEPTEMBER 2024|63|CASH BALANCE|2079353.64|2079353.64|Values are preserved as reported; currency and column meaning should be checked against the source sheet.|https://www.kafuecouncil.gov.zm/?page_id=195|kafue 2024 cdf expenditure|2026-09-11
finance_metric|finance_september_2024_0079|SEPTEMBER 2024|kafue_2024_cdf_expenditure.xlsx|SEPTEMBER 2024|79|CASH BALANCE|19089477.620000005|19089477.620000005|Values are preserved as reported; currency and column meaning should be checked against the source sheet.|https://www.kafuecouncil.gov.zm/?page_id=195|kafue 2024 cdf expenditure|2026-09-11
finance_metric|finance_september_2024_0095|SEPTEMBER 2024|kafue_2024_cdf_expenditure.xlsx|SEPTEMBER 2024|95|CASH BALANCE|2636533.81|2636533.81|Values are preserved as reported; currency and column meaning should be checked against the source sheet.|https://www.kafuecouncil.gov.zm/?page_id=195|kafue 2024 cdf expenditure|2026-09-11
finance_metric|finance_october_2024_0008|OCTOBER 2024|kafue_2024_cdf_expenditure.xlsx|OCTOBER 2024|8|BANK STATEMENT BALANCE AS AT 01/01/2024|33506000.39|33506000.39|Values are preserved as reported; currency and column meaning should be checked against the source sheet.|https://www.kafuecouncil.gov.zm/?page_id=195|kafue 2024 cdf expenditure|2026-09-11
finance_metric|finance_october_2024_0012|OCTOBER 2024|kafue_2024_cdf_expenditure.xlsx|OCTOBER 2024|12|TOTAL RECEIPTS|33616192.28|34568902.050000004|Values are preserved as reported; currency and column meaning should be checked against the source sheet.|https://www.kafuecouncil.gov.zm/?page_id=195|kafue 2024 cdf expenditure|2026-09-11
finance_metric|finance_october_2024_0023|OCTOBER 2024|kafue_2024_cdf_expenditure.xlsx|OCTOBER 2024|23|TOTAL EXPENDITURE|2286039.39|30291642.910000004|Values are preserved as reported; currency and column meaning should be checked against the source sheet.|https://www.kafuecouncil.gov.zm/?page_id=195|kafue 2024 cdf expenditure|2026-09-11
finance_metric|finance_october_2024_0024|OCTOBER 2024|kafue_2024_cdf_expenditure.xlsx|OCTOBER 2024|24|CASH BALANCE/DEFICIT|31330152.89|4277259.140000001|Values are preserved as reported; currency and column meaning should be checked against the source sheet.|https://www.kafuecouncil.gov.zm/?page_id=195|kafue 2024 cdf expenditure|2026-09-11
finance_metric|finance_october_2024_0042|OCTOBER 2024|kafue_2024_cdf_expenditure.xlsx|OCTOBER 2024|42|CASH BALANCE|0|0|Values are preserved as reported; currency and column meaning should be checked against the source sheet.|https://www.kafuecouncil.gov.zm/?page_id=195|kafue 2024 cdf expenditure|2026-09-11
finance_metric|finance_october_2024_0063|OCTOBER 2024|kafue_2024_cdf_expenditure.xlsx|OCTOBER 2024|63|CASH BALANCE|2079353.64|2079353.64|Values are preserved as reported; currency and column meaning should be checked against the source sheet.|https://www.kafuecouncil.gov.zm/?page_id=195|kafue 2024 cdf expenditure|2026-09-11
finance_metric|finance_october_2024_0079|OCTOBER 2024|kafue_2024_cdf_expenditure.xlsx|OCTOBER 2024|79|CASH BALANCE|17129508.48|17129508.48|Values are preserved as reported; currency and column meaning should be checked against the source sheet.|https://www.kafuecouncil.gov.zm/?page_id=195|kafue 2024 cdf expenditure|2026-09-11
finance_metric|finance_october_2024_0095|OCTOBER 2024|kafue_2024_cdf_expenditure.xlsx|OCTOBER 2024|95|CASH BALANCE|2636533.81|2636533.81|Values are preserved as reported; currency and column meaning should be checked against the source sheet.|https://www.kafuecouncil.gov.zm/?page_id=195|kafue 2024 cdf expenditure|2026-09-11
finance_metric|finance_november_0008|November|kafue_2024_cdf_expenditure.xlsx|November|8|BANK STATEMENT BALANCE AS AT 01/01/2024|33506000.39|33506000.39|Values are preserved as reported; currency and column meaning should be checked against the source sheet.|https://www.kafuecouncil.gov.zm/?page_id=195|kafue 2024 cdf expenditure|2026-09-11
finance_metric|finance_november_0012|November|kafue_2024_cdf_expenditure.xlsx|November|12|TOTAL RECEIPTS|33634019.269999996|34696920.93|Values are preserved as reported; currency and column meaning should be checked against the source sheet.|https://www.kafuecouncil.gov.zm/?page_id=195|kafue 2024 cdf expenditure|2026-09-11
finance_metric|finance_november_0023|November|kafue_2024_cdf_expenditure.xlsx|November|23|TOTAL EXPENDITURE|2966131.82|33257774.73|Values are preserved as reported; currency and column meaning should be checked against the source sheet.|https://www.kafuecouncil.gov.zm/?page_id=195|kafue 2024 cdf expenditure|2026-09-11
finance_metric|finance_november_0024|November|kafue_2024_cdf_expenditure.xlsx|November|24|CASH BALANCE/DEFICIT|30667887.449999996|1439146.1999999993|Values are preserved as reported; currency and column meaning should be checked against the source sheet.|https://www.kafuecouncil.gov.zm/?page_id=195|kafue 2024 cdf expenditure|2026-09-11
finance_metric|finance_november_0042|November|kafue_2024_cdf_expenditure.xlsx|November|42|CASH BALANCE|0|0|Values are preserved as reported; currency and column meaning should be checked against the source sheet.|https://www.kafuecouncil.gov.zm/?page_id=195|kafue 2024 cdf expenditure|2026-09-11
finance_metric|finance_november_0063|November|kafue_2024_cdf_expenditure.xlsx|November|63|CASH BALANCE|1958952.38|1958952.38|Values are preserved as reported; currency and column meaning should be checked against the source sheet.|https://www.kafuecouncil.gov.zm/?page_id=195|kafue 2024 cdf expenditure|2026-09-11
finance_metric|finance_november_0079|November|kafue_2024_cdf_expenditure.xlsx|November|79|CASH BALANCE|15249113.809999997|15249113.809999997|Values are preserved as reported; currency and column meaning should be checked against the source sheet.|https://www.kafuecouncil.gov.zm/?page_id=195|kafue 2024 cdf expenditure|2026-09-11
finance_metric|finance_november_0095|November|kafue_2024_cdf_expenditure.xlsx|November|95|CASH BALANCE|2636533.81|2636533.81|Values are preserved as reported; currency and column meaning should be checked against the source sheet.|https://www.kafuecouncil.gov.zm/?page_id=195|kafue 2024 cdf expenditure|2026-09-11
